tanggal,tn,tx,tavg,rh_avg,rr,ss,ff_x,ddd_x,ff_avg,ddd_car,year,month
2023-01-01,24.5,31.0,27.5,79,25.2,0.0,8,300,4,NW,2023,1
2023-01-02,25.2,31.5,28.1,81,0.0,3.9,9,310,5,NW,2023,1
2023-01-03,25.5,32.8,28.4,77,,2.2,5,300,4,NW,2023,1
2023-01-04,25.8,34.0,28.8,75,,3.5,7,320,4,NW,2023,1
2023-01-05,25.8,34.2,29.1,72,,7.6,7,300,3,NW,2023,1
2023-01-06,26.0,33.8,29.1,72,0.0,9.0,8,300,2,NW,2023,1
2023-01-07,26.0,33.6,28.1,75,,2.2,6,350,3,NW,2023,1
2023-01-08,25.6,33.6,28.4,81,9.5,5.5,7,360,2,NW,2023,1
2023-01-09,24.0,33.6,29.1,79,21.3,7.2,5,300,3,N ,2023,1
2023-01-10,24.4,32.6,28.7,78,8.5,7.1,5,350,2,N ,2023,1
2023-01-11,26.0,34.7,30.2,71,1.0,8.8,4,350,2,N ,2023,1
2023-01-12,25.8,33.4,28.4,77,9.1,8.8,5,320,2,S ,2023,1
2023-01-13,25.5,34.0,29.8,68,1.0,9.5,5,350,3,NW,2023,1
2023-01-14,26.0,34.8,29.7,72,,9.6,5,350,3,W ,2023,1
2023-01-15,26.4,34.6,29.9,72,0.0,8.3,8,330,4,NW,2023,1
2023-01-16,26.5,33.8,29.3,76,0.0,8.8,7,340,3,W ,2023,1
2023-01-17,26.0,32.7,28.0,82,10.9,3.9,8,340,3,N ,2023,1
2023-01-18,24.2,33.9,28.0,78,1.3,3.8,7,320,3,NW,2023,1
2023-01-19,24.4,33.4,28.6,78,6.5,7.5,4,310,2,NW,2023,1
2023-01-20,25.2,34.0,28.9,77,0.3,2.6,4,350,2,S ,2023,1
2023-01-21,26.2,34.2,29.4,74,0.0,2.6,5,120,3,N ,2023,1
2023-01-22,24.6,34.0,28.8,80,16.6,5.4,6,340,3,S ,2023,1
2023-01-23,26.2,34.0,29.5,78,25.5,6.7,5,320,2,N ,2023,1
2023-01-24,26.6,33.0,29.1,79,0.0,4.3,3,350,2,NW,2023,1
2023-01-25,26.6,34.1,28.7,81,2.0,4.1,6,330,2,NW,2023,1
2023-01-26,25.0,31.6,27.2,84,23.0,5.0,7,320,3,NW,2023,1
2023-01-27,25.2,32.4,28.2,80,0.9,0.5,4,330,3,NW,2023,1
2023-01-28,25.5,30.0,25.9,90,6.1,1.2,6,300,4,NW,2023,1
2023-01-29,25.0,32.8,27.4,82,11.5,0.0,10,320,2,NW,2023,1
2023-01-30,25.4,34.0,29.1,80,3.8,4.6,7,310,3,NW,2023,1
2023-01-31,26.4,34.2,28.9,80,,1.6,13,310,4,NW,2023,1
2023-02-01,25.6,32.4,28.2,78,13.2,2.8,7,320,2,NW,2023,2
2023-02-02,25.4,32.2,27.5,84,1.0,0.1,7,300,3,NW,2023,2
2023-02-03,25.0,30.4,27.7,81,4.9,0.5,6,300,3,NW,2023,2
2023-02-04,25.8,31.7,26.9,86,,0.0,7,320,3,NW,2023,2
2023-02-05,26.0,33.6,29.0,75,4.0,3.8,7,300,4,NW,2023,2
2023-02-06,26.2,33.2,28.3,76,0.0,4.3,6,350,3,W ,2023,2
2023-02-07,25.3,32.5,28.3,81,7.0,3.0,10,310,4,NW,2023,2
2023-02-08,24.8,32.2,27.7,80,4.5,3.4,6,320,4,NW,2023,2
2023-02-09,25.2,32.8,27.9,81,3.0,2.9,5,340,2,NW,2023,2
2023-02-10,24.6,32.4,28.5,83,33.6,3.5,8,330,4,NW,2023,2
2023-02-11,26.0,30.8,27.2,85,,5.5,3,320,2,NW,2023,2
2023-02-12,25.4,32.0,27.7,82,1.7,2.3,10,330,3,NW,2023,2
2023-02-13,25.0,33.4,27.7,78,3.6,3.0,7,310,4,NW,2023,2
2023-02-14,25.4,33.2,28.1,80,14.7,4.2,9,300,4,NW,2023,2
2023-02-15,24.8,33.4,27.6,82,17.8,6.0,8,300,3,W ,2023,2
2023-02-16,25.0,32.0,27.5,84,23.8,3.0,6,20,3,NW,2023,2
2023-02-17,25.0,34.2,27.3,83,19.8,6.0,5,320,3,NW,2023,2
2023-02-18,25.6,33.8,28.4,80,1.4,4.1,6,80,3,NW,2023,2
2023-02-19,24.4,33.4,27.8,83,65.8,7.5,7,320,3,NW,2023,2
2023-02-20,25.2,34.2,28.3,77,15.0,6.4,6,330,3,NW,2023,2
2023-02-21,24.2,33.8,29.0,78,9.5,7.5,6,320,3,NW,2023,2
2023-02-22,24.2,32.7,27.5,84,56.2,7.2,9,310,4,NW,2023,2
2023-02-23,25.4,31.6,27.7,82,,5.1,8,300,4,NW,2023,2
2023-02-24,26.1,32.2,29.0,77,3.8,2.4,8,300,4,NW,2023,2
2023-02-25,25.8,32.4,28.8,75,0.0,4.0,7,320,4,NW,2023,2
2023-02-26,26.0,30.4,27.8,81,3.0,7.5,8,300,4,NW,2023,2
2023-02-27,25.2,30.7,27.3,80,0.1,4.5,11,300,4,W ,2023,2
2023-02-28,25.2,32.0,28.2,79,6.8,3.0,7,300,4,NW,2023,2
2023-03-01,24.7,34.2,27.1,80,7.6,2.3,6,330,4,NW,2023,3
2023-03-02,24.6,28.8,25.7,90,2.0,4.0,8,320,4,NW,2023,3
2023-03-03,24.2,34.6,28.4,79,13.7,0.0,6,350,3,NW,2023,3
2023-03-04,25.2,34.4,29.3,76,0.0,7.4,5,310,2,NW,2023,3
2023-03-05,26.0,33.8,28.7,77,0.0,6.0,6,330,3,NW,2023,3
2023-03-06,24.4,33.1,28.5,80,45.2,5.2,4,300,2,NW,2023,3
2023-03-07,25.6,34.4,28.7,77,0.2,4.9,5,340,2,NW,2023,3
2023-03-08,25.5,31.0,28.1,81,0.0,7.6,4,50,2,C ,2023,3
2023-03-09,25.8,32.6,28.6,77,10.0,1.0,3,110,2,NE,2023,3
2023-03-10,26.2,33.8,29.6,77,0.0,7.0,4,330,2,N ,2023,3
2023-03-11,26.8,33.6,29.9,74,,8.8,4,350,1,C ,2023,3
2023-03-12,26.8,34.4,30.1,75,0.0,8.5,6,300,3,N ,2023,3
2023-03-13,27.0,32.5,29.0,75,0.0,8.7,4,120,2,E ,2023,3
2023-03-14,26.0,32.9,28.3,74,0.0,8.0,6,170,3,C ,2023,3
2023-03-15,25.9,33.6,28.8,80,0.2,8.4,6,50,2,S ,2023,3
2023-03-16,26.4,33.5,29.7,76,3.0,5.5,6,60,2,E ,2023,3
2023-03-17,26.8,33.6,29.6,74,0.1,5.4,4,50,1,N ,2023,3
2023-03-18,25.6,34.0,28.5,79,0.0,6.0,6,10,2,S ,2023,3
2023-03-19,26.5,34.4,29.7,76,,5.4,7,310,2,E ,2023,3
2023-03-20,26.8,34.6,29.5,78,5.5,6.8,4,320,1,C ,2023,3
2023-03-21,25.6,33.2,29.4,76,14.3,7.4,4,340,2,N ,2023,3
2023-03-22,25.8,34.2,28.7,78,2.0,7.1,4,310,2,N ,2023,3
2023-03-23,25.9,35.4,30.6,70,0.0,6.6,6,360,2,N ,2023,3
2023-03-24,27.2,33.6,29.2,79,0.0,7.8,6,10,2,C ,2023,3
2023-03-25,25.2,34.2,29.3,78,4.0,5.5,5,350,3,N ,2023,3
2023-03-26,25.8,33.6,28.8,78,0.0,5.3,7,340,2,SE,2023,3
2023-03-27,25.5,30.6,28.2,81,0.0,3.9,5,330,2,NW,2023,3
2023-03-28,26.0,31.2,28.2,80,0.0,1.0,5,300,2,NW,2023,3
2023-03-29,26.2,33.8,29.2,76,,1.9,5,350,2,N ,2023,3
2023-03-30,26.2,34.2,28.6,79,25.2,5.4,5,340,2,NW,2023,3
2023-03-31,25.0,33.4,27.4,82,7.4,3.7,5,280,2,NW,2023,3
2023-04-01,24.6,32.3,27.4,82,12.4,3.6,6,300,2,C ,2023,4
2023-04-02,25.2,32.4,27.3,83,0.1,2.5,3,170,1,C ,2023,4
2023-04-03,25.4,33.8,28.7,80,6.9,2.4,5,320,2,W ,2023,4
2023-04-04,25.0,33.6,29.0,76,,5.0,4,310,2,SE,2023,4
2023-04-05,26.8,32.4,28.3,82,0.0,5.0,5,340,2,S ,2023,4
2023-04-06,26.2,33.6,28.4,82,0.0,4.0,4,310,2,NW,2023,4
2023-04-07,26.2,32.6,28.8,77,30.0,3.7,4,70,2,NW,2023,4
2023-04-08,27.0,34.9,28.7,79,0.0,3.4,6,160,2,NW,2023,4
2023-04-09,24.2,34.3,28.9,78,33.5,6.6,6,340,3,NW,2023,4
2023-04-10,25.5,34.4,28.3,78,11.1,5.4,5,300,2,NW,2023,4
2023-04-11,24.8,34.9,29.7,74,3.0,7.1,7,320,3,NW,2023,4
2023-04-12,26.2,35.0,29.8,76,5.4,8.5,6,360,2,NW,2023,4
2023-04-13,25.0,31.4,28.5,78,15.5,6.5,5,150,2,SE,2023,4
2023-04-14,25.2,32.6,29.1,76,0.0,0.8,4,140,2,SE,2023,4
2023-04-15,26.4,34.2,29.3,78,1.4,5.9,4,70,2,C ,2023,4
2023-04-16,26.0,34.0,29.4,80,60.0,4.2,4,350,2,SE,2023,4
2023-04-17,26.4,32.6,28.0,86,0.0,7.5,3,50,2,E ,2023,4
2023-04-18,25.4,33.2,29.2,81,5.2,4.6,4,140,2,SE,2023,4
2023-04-19,26.5,34.3,29.8,74,0.0,3.5,6,80,2,E ,2023,4
2023-04-20,26.5,33.0,29.7,79,13.1,8.0,4,340,2,S ,2023,4
2023-04-21,26.1,33.4,29.8,79,0.0,6.4,6,100,3,SE,2023,4
2023-04-22,26.6,33.8,30.0,77,0.0,7.3,7,130,2,SE,2023,4
2023-04-23,28.0,33.7,30.6,71,0.0,8.3,6,140,4,SE,2023,4
2023-04-24,27.8,34.2,30.5,75,0.0,8.7,6,120,3,SE,2023,4
2023-04-25,27.8,34.4,30.4,76,0.0,8.5,5,140,2,E ,2023,4
2023-04-26,27.0,32.4,29.5,82,3.5,8.3,3,160,2,SE,2023,4
2023-04-27,26.6,34.6,29.4,76,0.3,4.0,6,340,2,NE,2023,4
2023-04-28,26.2,33.6,28.7,80,,5.5,3,300,2,NW,2023,4
2023-04-29,26.0,31.8,28.3,82,0.6,2.3,4,130,2,S ,2023,4
2023-04-30,26.2,33.4,29.7,76,0.8,3.0,4,100,2,C ,2023,4
2023-05-01,27.6,33.4,29.9,78,0.0,6.1,5,110,2,SE,2023,5
2023-05-02,26.8,33.6,28.9,80,0.0,7.5,7,120,3,SE,2023,5
2023-05-03,26.5,33.0,29.7,79,,6.0,6,160,3,SE,2023,5
2023-05-04,26.8,35.0,30.4,77,,2.9,5,150,2,SE,2023,5
2023-05-05,27.2,34.5,30.0,77,,6.0,3,110,2,E ,2023,5
2023-05-06,26.2,34.6,30.3,77,7.7,5.1,3,30,1,C ,2023,5
2023-05-07,27.0,34.6,30.3,74,1.2,7.0,4,110,2,S ,2023,5
2023-05-08,26.6,34.0,30.1,73,0.0,8.0,3,100,1,N ,2023,5
2023-05-09,26.6,34.0,29.3,77,0.0,8.5,4,120,2,S ,2023,5
2023-05-10,26.4,32.2,28.9,82,,4.4,7,140,4,SE,2023,5
2023-05-11,27.5,30.4,28.3,82,2.3,1.7,9,140,3,SE,2023,5
2023-05-12,27.2,35.6,30.3,75,,0.5,6,130,3,SE,2023,5
2023-05-13,26.0,34.0,29.4,74,0.0,7.4,6,60,3,SE,2023,5
2023-05-14,24.0,33.2,28.7,70,,7.6,4,350,2,N ,2023,5
2023-05-15,25.0,32.0,27.8,71,0.0,8.5,4,50,2,E ,2023,5
2023-05-16,24.0,32.2,28.1,68,3.6,8.3,5,120,2,SE,2023,5
2023-05-17,24.4,33.6,28.2,65,1.2,8.6,4,120,2,SE,2023,5
2023-05-18,25.0,34.0,28.8,67,0.0,8.3,5,140,3,SE,2023,5
2023-05-19,25.4,32.8,28.3,72,2.0,8.7,4,140,2,E ,2023,5
2023-05-20,25.6,33.8,28.9,73,,5.2,5,140,2,SE,2023,5
2023-05-21,25.8,33.8,29.4,70,0.0,8.4,6,110,3,SE,2023,5
2023-05-22,25.2,33.6,28.7,70,,8.9,6,90,2,SE,2023,5
2023-05-23,25.4,33.4,28.8,69,0.8,8.6,5,120,2,SE,2023,5
2023-05-24,25.5,33.8,29.5,74,0.0,8.5,5,160,2,SE,2023,5
2023-05-25,26.4,34.0,29.3,71,0.0,8.5,5,90,2,SE,2023,5
2023-05-26,25.4,34.7,29.7,66,2.5,7.8,6,130,3,SE,2023,5
2023-05-27,25.8,33.7,29.5,68,0.2,8.8,8,150,2,SE,2023,5
2023-05-28,24.8,33.4,28.6,66,,8.9,7,130,2,SE,2023,5
2023-05-29,25.2,33.8,29.0,68,0.0,8.8,5,140,3,SE,2023,5
2023-05-30,26.0,33.5,29.3,70,,8.8,8,160,3,SE,2023,5
2023-05-31,26.0,33.8,29.5,68,1.9,8.0,7,120,4,SE,2023,5
2023-06-01,25.8,33.6,29.4,70,0.0,9.2,7,140,3,SE,2023,6
2023-06-02,26.2,33.2,29.1,73,2.0,8.4,6,150,3,SE,2023,6
2023-06-03,26.2,34.0,29.8,72,,8.9,5,150,2,SE,2023,6
2023-06-04,26.2,33.4,29.0,71,0.0,7.5,6,150,3,SE,2023,6
2023-06-05,26.2,33.4,29.2,73,0.0,6.3,5,70,2,SE,2023,6
2023-06-06,26.0,34.0,29.3,72,3.2,5.7,7,130,2,SE,2023,6
2023-06-07,25.6,34.4,29.5,75,1.9,8.6,8,150,4,SE,2023,6
2023-06-08,26.4,34.0,29.3,74,0.0,8.0,6,160,3,S ,2023,6
2023-06-09,25.8,33.4,29.1,74,,8.7,8,150,2,SE,2023,6
2023-06-10,25.4,33.6,29.1,70,0.0,8.7,4,120,2,SE,2023,6
2023-06-11,25.4,33.7,29.1,74,0.4,8.3,8,140,3,SE,2023,6
2023-06-12,26.5,33.8,29.6,76,0.0,6.8,7,150,3,SE,2023,6
2023-06-13,26.5,33.8,29.1,76,0.0,5.2,8,150,3,SE,2023,6
2023-06-14,25.8,33.8,29.1,68,,7.8,6,150,4,SE,2023,6
2023-06-15,25.0,33.6,28.9,70,2.0,7.8,4,60,2,SE,2023,6
2023-06-16,25.4,32.8,28.7,72,0.0,5.6,6,120,2,NE,2023,6
2023-06-17,26.2,33.0,29.2,72,1.9,7.3,7,120,3,SE,2023,6
2023-06-18,25.8,33.7,29.2,70,0.7,8.2,6,130,3,SE,2023,6
2023-06-19,26.2,33.2,29.1,74,2.4,8.2,5,50,2,SE,2023,6
2023-06-20,26.6,34.0,30.5,66,0.0,7.8,5,160,3,E ,2023,6
2023-06-21,26.2,33.1,29.3,70,4.0,8.2,7,140,2,SE,2023,6
2023-06-22,25.5,34.4,29.2,70,0.0,7.4,6,130,2,E ,2023,6
2023-06-23,25.8,33.6,29.3,70,,8.2,4,140,2,SE,2023,6
2023-06-24,25.2,33.5,28.6,73,0.0,7.6,5,110,2,SE,2023,6
2023-06-25,24.8,32.6,28.6,75,0.0,5.3,5,160,2,SE,2023,6
2023-06-26,25.6,33.4,28.5,74,13.0,5.5,5,100,2,SE,2023,6
2023-06-27,25.6,32.6,28.6,71,0.0,7.3,5,60,2,SE,2023,6
2023-06-28,25.6,33.4,29.2,76,0.2,7.6,7,140,3,SE,2023,6
2023-06-29,25.8,34.0,29.5,77,0.0,3.5,5,110,3,SE,2023,6
2023-06-30,25.4,33.4,29.1,72,0.0,7.8,7,120,3,SE,2023,6
2023-07-01,25.2,33.6,29.3,73,,8.3,7,130,3,SE,2023,7
2023-07-02,25.4,34.0,29.1,72,0.0,8.2,6,140,3,SE,2023,7
2023-07-03,25.4,33.8,28.8,72,0.0,8.4,5,70,2,NW,2023,7
2023-07-04,25.6,33.5,29.0,71,0.0,5.0,6,190,3,E ,2023,7
2023-07-05,25.2,33.6,28.7,75,12.5,6.3,6,150,3,SE,2023,7
2023-07-06,25.5,34.6,29.3,71,0.0,8.5,6,150,3,SE,2023,7
2023-07-07,26.0,32.4,27.7,80,,8.3,5,100,3,W ,2023,7
2023-07-08,25.2,29.8,27.3,85,34.5,1.0,5,140,2,SE,2023,7
2023-07-09,24.8,32.6,28.5,78,3.8,0.6,8,160,4,SE,2023,7
2023-07-10,25.8,32.8,28.9,77,0.0,8.7,7,120,3,SE,2023,7
2023-07-11,25.0,33.4,28.3,71,0.0,8.8,5,120,2,SE,2023,7
2023-07-12,24.2,32.8,27.7,69,0.0,4.8,3,330,2,E ,2023,7
2023-07-13,25.0,33.8,28.8,72,0.0,8.7,6,140,2,SE,2023,7
2023-07-14,25.6,33.4,28.8,75,0.0,4.3,7,130,3,C ,2023,7
2023-07-15,24.6,33.2,28.5,72,0.0,8.5,6,120,2,C ,2023,7
2023-07-16,24.6,32.4,27.8,71,0.0,7.9,7,130,3,SE,2023,7
2023-07-17,23.2,32.6,27.3,68,,8.5,7,140,3,SE,2023,7
2023-07-18,23.6,34.0,27.2,72,0.0,9.0,9,150,4,SE,2023,7
2023-07-19,23.8,33.0,28.2,68,0.0,8.7,7,140,3,SE,2023,7
2023-07-20,23.0,32.9,26.9,68,0.0,8.7,6,120,2,C ,2023,7
2023-07-21,22.8,31.8,27.2,67,0.0,8.8,5,100,2,SE,2023,7
2023-07-22,23.2,32.8,27.2,68,0.0,8.8,8,140,4,SE,2023,7
2023-07-23,23.6,33.0,28.1,70,,9.0,5,150,3,SE,2023,7
2023-07-24,24.6,32.2,28.1,70,,8.0,6,130,3,SE,2023,7
2023-07-25,25.6,32.6,28.8,77,0.0,8.6,8,100,4,SE,2023,7
2023-07-26,25.0,33.0,27.8,71,0.0,6.3,5,120,2,SE,2023,7
2023-07-27,23.8,33.0,27.7,65,0.0,7.6,6,110,3,SE,2023,7
2023-07-28,23.4,32.2,27.1,67,0.0,8.2,5,170,2,SE,2023,7
2023-07-29,23.2,32.2,27.2,68,0.0,8.3,7,130,3,SE,2023,7
2023-07-30,22.8,32.0,27.3,65,0.0,8.4,9,150,4,SE,2023,7
2023-07-31,22.8,33.2,27.4,69,0.0,8.5,7,150,4,SE,2023,7
2023-08-01,23.8,33.0,29.1,70,0.0,8.6,10,140,4,SE,2023,8
2023-08-02,25.4,34.0,29.2,75,,8.3,6,100,4,SE,2023,8
2023-08-03,26.0,33.8,29.1,74,0.0,8.3,8,150,4,SE,2023,8
2023-08-04,25.0,33.8,28.7,70,0.0,8.3,7,150,3,SE,2023,8
2023-08-05,24.0,33.4,27.8,71,0.0,7.7,7,150,3,SE,2023,8
2023-08-06,24.4,33.4,28.5,70,,9.2,8,140,3,SE,2023,8
2023-08-07,24.6,33.5,28.1,73,0.0,6.8,8,140,4,SE,2023,8
2023-08-08,24.8,32.2,28.0,71,,8.0,7,140,4,SE,2023,8
2023-08-09,23.8,33.3,27.4,69,0.0,8.2,7,140,4,SE,2023,8
2023-08-10,23.6,33.0,27.6,66,,9.5,7,190,3,SE,2023,8
2023-08-11,22.8,32.6,27.0,68,,7.7,6,150,3,SE,2023,8
2023-08-12,23.2,33.0,27.4,64,0.0,7.7,6,140,3,SE,2023,8
2023-08-13,23.6,32.8,27.8,68,0.0,8.0,7,140,4,SE,2023,8
2023-08-14,24.0,33.1,27.6,69,0.0,8.0,6,130,3,SE,2023,8
2023-08-15,23.8,33.0,27.5,75,0.0,7.8,6,120,3,SE,2023,8
2023-08-16,23.6,33.5,28.0,68,0.0,8.1,7,140,3,SE,2023,8
2023-08-17,23.7,32.6,27.9,66,0.0,8.3,7,140,3,SE,2023,8
2023-08-18,22.8,32.6,27.4,69,,9.1,7,140,3,SE,2023,8
2023-08-19,23.8,33.6,28.2,68,0.0,8.4,7,140,5,SE,2023,8
2023-08-20,24.6,33.4,28.3,71,,8.5,8,130,3,SE,2023,8
2023-08-21,24.6,32.3,28.0,70,0.0,8.4,7,140,4,SE,2023,8
2023-08-22,25.0,32.8,27.8,72,0.0,7.5,7,100,3,SE,2023,8
2023-08-23,23.9,32.4,27.7,68,0.0,8.8,7,100,3,SE,2023,8
2023-08-24,24.2,32.4,27.6,70,0.0,8.5,7,140,4,SE,2023,8
2023-08-25,24.0,34.0,28.2,71,0.0,8.4,6,130,3,SE,2023,8
2023-08-26,24.6,34.0,28.8,66,88888.0,8.1,6,150,4,SE,2023,8
2023-08-27,23.4,34.2,27.8,67,0.0,8.3,5,140,3,SE,2023,8
2023-08-28,24.6,33.4,28.1,68,0.0,8.5,8,140,4,SE,2023,8
2023-08-29,24.2,33.6,28.3,65,0.0,8.4,6,150,3,SE,2023,8
2023-08-30,23.8,33.4,27.4,72,0.0,8.3,7,140,4,SE,2023,8
2023-08-31,24.2,33.0,28.6,69,0.0,8.3,6,150,3,SE,2023,8
2023-09-01,25.0,33.4,28.3,67,0.0,8.5,5,160,3,SE,2023,9
2023-09-02,24.0,33.2,28.0,64,0.0,8.4,7,130,3,SE,2023,9
2023-09-03,23.2,33.7,27.7,62,0.0,8.3,7,150,4,SE,2023,9
2023-09-04,23.9,33.0,27.5,64,0.0,8.2,6,130,3,SE,2023,9
2023-09-05,23.2,33.2,27.9,60,0.0,8.3,8,150,4,SE,2023,9
2023-09-06,24.0,34.7,28.5,66,,8.5,6,70,3,SE,2023,9
2023-09-07,24.6,33.0,28.4,71,0.0,8.2,7,140,3,SE,2023,9
2023-09-08,24.4,33.0,28.2,68,0.0,8.2,7,140,3,SE,2023,9
2023-09-09,23.2,33.8,27.7,68,,8.5,6,140,3,SE,2023,9
2023-09-10,23.0,33.6,27.9,63,0.0,8.5,7,140,4,SE,2023,9
2023-09-11,24.0,34.6,29.0,65,,8.5,8,180,3,SE,2023,9
2023-09-12,25.2,34.8,29.2,66,0.0,8.5,7,140,4,S ,2023,9
2023-09-13,25.2,34.8,28.9,68,0.0,8.8,7,150,3,SE,2023,9
2023-09-14,25.6,32.8,28.4,71,0.0,8.7,8,150,4,SE,2023,9
2023-09-15,23.6,33.1,28.1,68,0.0,8.3,7,140,3,SE,2023,9
2023-09-16,25.0,33.2,28.7,71,0.0,8.7,8,140,4,SE,2023,9
2023-09-17,25.4,34.2,28.6,70,0.0,8.3,6,130,4,SE,2023,9
2023-09-18,24.8,33.4,28.3,70,5.0,8.7,6,140,3,SE,2023,9
2023-09-19,24.2,34.4,29.0,65,,8.1,7,140,4,SE,2023,9
2023-09-20,24.6,34.4,28.7,67,,8.6,6,120,4,E ,2023,9
2023-09-21,24.5,33.8,28.4,64,0.0,8.6,8,120,3,SE,2023,9
2023-09-22,23.4,33.0,28.0,63,0.0,7.3,7,150,4,SE,2023,9
2023-09-23,24.6,34.8,28.7,65,0.0,8.6,7,170,4,S ,2023,9
2023-09-24,24.8,34.8,29.1,62,0.0,8.8,10,150,4,SE,2023,9
2023-09-25,25.0,34.6,29.1,71,0.0,8.6,6,150,3,SE,2023,9
2023-09-26,24.5,35.0,28.7,61,0.0,8.7,7,140,3,SE,2023,9
2023-09-27,24.0,34.6,29.0,62,,8.5,7,140,4,SE,2023,9
2023-09-28,24.6,35.0,28.9,66,0.0,8.8,8,120,4,SE,2023,9
2023-09-29,25.8,34.6,29.8,65,0.0,8.7,9,140,4,SE,2023,9
2023-09-30,25.8,35.0,29.5,61,0.0,8.6,6,140,3,SE,2023,9
2023-10-01,24.4,35.3,29.1,64,0.0,8.7,7,140,2,SE,2023,10
2023-10-02,25.2,35.1,29.2,60,0.0,8.7,8,150,3,SE,2023,10
2023-10-03,25.5,35.0,29.3,65,0.0,8.8,7,120,3,SE,2023,10
2023-10-04,26.4,34.8,29.9,64,0.0,8.8,7,140,3,SE,2023,10
2023-10-05,25.8,34.7,29.3,72,,8.8,7,140,4,SE,2023,10
2023-10-06,26.0,35.8,30.4,64,,7.4,8,150,4,SE,2023,10
2023-10-07,26.8,33.8,29.8,67,0.0,8.8,9,150,4,SE,2023,10
2023-10-08,25.6,35.1,29.8,69,0.0,7.4,10,150,4,SE,2023,10
2023-10-09,26.0,35.0,30.4,64,0.0,8.8,7,150,2,SE,2023,10
2023-10-10,27.2,35.5,30.7,64,0.0,8.9,5,110,2,SE,2023,10
2023-10-11,26.6,34.8,30.4,63,,6.8,7,150,3,SE,2023,10
2023-10-12,26.6,34.6,29.8,65,0.0,8.8,6,130,3,SE,2023,10
2023-10-13,26.8,35.0,30.2,66,,8.7,8,150,4,SE,2023,10
2023-10-14,26.8,35.6,30.6,62,0.0,8.5,8,150,5,SE,2023,10
2023-10-15,27.0,35.0,30.2,67,0.0,8.7,7,140,4,SE,2023,10
2023-10-16,27.8,35.2,30.8,66,0.0,7.7,7,150,4,SE,2023,10
2023-10-17,26.0,35.0,30.4,64,0.0,8.9,11,100,5,S ,2023,10
2023-10-18,26.8,36.2,30.5,65,0.0,9.0,12,150,5,SE,2023,10
2023-10-19,27.6,35.4,31.0,62,0.0,9.0,8,140,4,SE,2023,10
2023-10-20,27.2,36.0,31.4,65,0.0,8.9,7,120,3,S ,2023,10
2023-10-21,26.8,36.0,31.1,65,,8.8,4,140,2,NE,2023,10
2023-10-22,26.8,36.8,30.9,64,0.0,6.6,5,120,2,E ,2023,10
2023-10-23,26.6,33.0,30.3,76,0.0,8.0,4,130,2,SE,2023,10
2023-10-24,27.2,35.4,30.8,68,1.0,9.0,6,110,3,E ,2023,10
2023-10-25,27.8,35.8,31.0,61,0.0,7.2,7,160,4,SE,2023,10
2023-10-26,26.2,36.8,31.3,62,0.0,8.8,6,160,3,SE,2023,10
2023-10-27,26.8,36.5,30.6,67,,9.0,7,150,3,SE,2023,10
2023-10-28,26.2,36.6,30.9,58,0.0,9.0,6,150,2,SE,2023,10
2023-10-29,25.8,36.0,30.8,64,,9.0,6,160,3,SE,2023,10
2023-10-30,27.6,36.2,31.4,64,0.0,9.1,7,150,4,SE,2023,10
2023-10-31,28.4,36.2,31.2,67,0.0,8.9,6,150,3,SE,2023,10
2023-11-01,27.8,36.2,31.3,64,0.0,9.1,5,70,2,SE,2023,11
2023-11-02,27.0,36.4,31.5,63,0.0,8.2,9,150,3,SE,2023,11
2023-11-03,28.6,34.8,30.7,69,,9.0,6,120,3,SE,2023,11
2023-11-04,28.0,35.8,29.2,77,0.0,5.5,6,120,2,SE,2023,11
2023-11-05,26.6,34.2,30.2,73,13.9,4.8,4,80,2,SE,2023,11
2023-11-06,27.0,36.2,31.0,66,,6.8,6,170,3,SE,2023,11
2023-11-07,26.4,36.2,31.0,65,0.0,9.0,6,140,3,E ,2023,11
2023-11-08,26.5,37.2,31.0,65,0.0,7.6,4,310,2,N ,2023,11
2023-11-09,26.6,35.3,31.0,70,0.0,8.8,5,20,2,N ,2023,11
2023-11-10,27.5,35.2,30.9,71,9.5,7.3,3,20,2,N ,2023,11
2023-11-11,27.8,35.8,31.1,67,0.0,6.0,7,100,4,E ,2023,11
2023-11-12,26.2,35.2,30.7,68,0.0,8.7,6,80,4,SE,2023,11
2023-11-13,27.0,36.2,31.6,66,,7.5,4,140,2,SE,2023,11
2023-11-14,27.6,35.8,31.2,69,0.0,9.4,5,70,2,SE,2023,11
2023-11-15,27.0,35.8,31.7,67,0.8,7.0,5,120,2,E ,2023,11
2023-11-16,28.2,35.6,30.8,69,0.0,8.0,5,120,2,NW,2023,11
2023-11-17,27.0,35.8,30.6,73,23.0,6.9,3,330,2,NW,2023,11
2023-11-18,26.6,36.2,31.1,64,0.0,3.1,5,340,2,N ,2023,11
2023-11-19,27.2,36.2,31.5,60,0.0,6.2,6,170,3,SE,2023,11
2023-11-20,27.2,36.2,31.9,62,0.0,9.2,7,130,3,E ,2023,11
2023-11-21,28.0,36.2,31.4,67,,9.2,6,140,3,SE,2023,11
2023-11-22,26.4,36.8,32.4,64,0.0,9.2,8,130,4,SE,2023,11
2023-11-23,28.6,37.2,31.6,63,0.0,9.0,7,130,3,SE,2023,11
2023-11-24,28.0,35.6,29.9,73,0.0,7.1,3,170,2,SE,2023,11
2023-11-25,27.6,33.8,29.4,74,0.0,3.3,5,340,2,N ,2023,11
2023-11-26,26.6,35.0,30.6,68,0.0,2.0,5,300,2,S ,2023,11
2023-11-27,27.1,34.8,29.6,77,0.0,9.0,8,320,3,E ,2023,11
2023-11-28,26.4,32.2,28.0,83,18.5,4.5,5,120,2,SE,2023,11
2023-11-29,25.8,33.4,29.6,78,33.5,0.8,5,40,2,E ,2023,11
2023-11-30,26.2,34.8,29.9,74,,4.8,6,50,2,SE,2023,11
2023-12-01,27.2,35.8,28.4,80,0.7,5.9,6,340,2,NW,2023,12
2023-12-02,25.8,33.6,29.3,76,4.4,2.7,4,80,2,E ,2023,12
2023-12-03,26.2,33.8,29.4,76,,2.7,5,70,2,SE,2023,12
2023-12-04,26.2,33.8,29.6,74,6.2,6.2,4,60,1,C ,2023,12
2023-12-05,26.2,35.0,30.3,72,,1.2,5,20,2,N ,2023,12
2023-12-06,26.5,35.6,30.6,72,0.0,7.4,3,100,2,N ,2023,12
2023-12-07,25.8,35.8,29.8,72,0.0,7.1,7,340,3,N ,2023,12
2023-12-08,25.0,34.6,29.5,77,18.5,9.2,4,50,2,NW,2023,12
2023-12-09,26.4,33.5,29.9,75,,5.2,4,340,2,N ,2023,12
2023-12-10,26.8,33.6,28.7,80,,1.8,4,330,1,C ,2023,12
2023-12-11,26.4,36.0,30.5,69,20.0,1.5,4,350,2,N ,2023,12
2023-12-12,25.8,36.2,31.1,69,0.0,8.6,5,360,3,N ,2023,12
2023-12-13,27.4,35.0,30.2,73,0.0,9.0,6,160,2,S ,2023,12
2023-12-14,27.0,34.2,29.8,76,0.0,5.2,4,140,2,SE,2023,12
2023-12-15,26.6,34.4,29.4,75,20.2,2.1,5,20,2,S ,2023,12
2023-12-16,25.4,35.8,31.3,67,0.4,6.2,6,330,2,NW,2023,12
2023-12-17,26.8,35.6,30.6,69,0.0,9.3,5,30,3,SE,2023,12
2023-12-18,26.8,34.2,30.6,66,,8.8,4,60,2,SE,2023,12
2023-12-19,26.6,36.0,30.8,62,0.0,6.6,4,340,2,NW,2023,12
2023-12-20,25.8,34.4,30.5,61,0.0,7.7,5,130,2,SE,2023,12
2023-12-21,26.4,35.6,31.1,65,0.0,9.3,5,360,2,N ,2023,12
2023-12-22,27.8,36.0,31.0,68,0.0,8.8,4,160,2,W ,2023,12
2023-12-23,27.0,35.0,31.0,68,0.0,7.7,5,340,2,NE,2023,12
2023-12-24,26.4,36.4,31.2,69,,9.3,5,80,2,SE,2023,12
2023-12-25,27.2,34.6,28.5,80,0.0,8.6,6,270,2,NW,2023,12
2023-12-26,25.2,34.6,29.9,74,37.1,2.0,4,250,2,NW,2023,12
2023-12-27,26.8,34.4,30.6,72,0.0,7.0,4,150,2,NE,2023,12
2023-12-28,27.4,35.6,30.6,75,0.0,8.0,8,100,2,E ,2023,12
2023-12-29,27.8,35.6,30.8,74,,5.5,6,70,3,SE,2023,12
2023-12-30,27.0,35.8,30.6,76,14.2,6.5,4,350,2,N ,2023,12
2023-12-31,27.0,35.8,30.5,75,,7.7,6,100,2,N ,2023,12
2024-01-01,27.0,34.8,30.2,77,0.2,6.8,6,40,2,NE,2024,1
2024-01-02,27.6,36.2,30.9,72,0.0,4.7,6,50,2,N ,2024,1
2024-01-03,26.3,34.6,29.4,87,0.0,7.3,3,50,2,E ,2024,1
2024-01-04,26.2,34.5,29.5,77,6.7,0.2,5,60,2,NW,2024,1
2024-01-05,26.0,35.2,29.8,75,,6.3,4,310,2,C ,2024,1
2024-01-06,26.4,32.4,29.2,79,0.0,3.6,4,80,2,SE,2024,1
2024-01-07,26.5,31.7,28.2,82,,1.0,5,320,2,N ,2024,1
2024-01-08,26.0,32.8,29.0,79,,1.2,5,330,2,N ,2024,1
2024-01-09,26.2,36.2,29.5,78,0.0,3.6,5,290,2,S ,2024,1
2024-01-10,26.2,35.8,30.1,74,14.8,7.7,6,310,3,NW,2024,1
2024-01-11,26.5,36.4,30.3,73,0.0,6.8,5,340,2,NW,2024,1
2024-01-12,26.2,36.4,30.8,69,0.0,8.4,5,60,2,SE,2024,1
2024-01-13,26.2,36.6,31.2,67,3.0,8.8,5,340,3,E ,2024,1
2024-01-14,27.3,36.0,31.3,65,,7.8,6,320,3,N ,2024,1
2024-01-15,27.8,33.8,29.2,77,0.0,7.5,4,60,2,S ,2024,1
2024-01-16,25.8,34.4,29.5,77,,0.3,4,90,2,NW,2024,1
2024-01-17,25.4,34.2,28.1,84,30.4,4.1,6,320,3,N ,2024,1
2024-01-18,25.6,35.0,28.2,82,13.0,1.0,4,310,2,NW,2024,1
2024-01-19,26.0,32.8,28.3,78,29.7,4.9,6,310,2,NW,2024,1
2024-01-20,26.6,34.6,29.7,71,,2.0,6,290,3,NW,2024,1
2024-01-21,25.9,35.0,29.4,74,0.0,6.2,7,300,4,NW,2024,1
2024-01-22,26.6,35.0,29.8,73,7.0,7.7,7,340,4,NW,2024,1
2024-01-23,26.0,33.0,30.0,73,9.2,7.8,5,300,3,NW,2024,1
2024-01-24,27.6,34.4,29.2,74,0.0,0.2,6,340,3,NW,2024,1
2024-01-25,25.5,35.0,29.6,73,0.0,5.6,5,340,3,NW,2024,1
2024-01-26,26.0,34.8,29.0,81,0.0,7.2,7,360,3,NW,2024,1
2024-01-27,26.0,34.8,29.9,75,4.0,5.0,7,330,3,NW,2024,1
2024-01-28,26.6,34.8,28.8,80,2.2,8.0,5,340,2,NW,2024,1
2024-01-29,25.8,33.5,28.2,84,7.0,5.3,7,330,2,S ,2024,1
2024-01-30,25.6,33.3,28.5,83,5.0,1.7,4,190,2,S ,2024,1
2024-01-31,25.8,33.4,27.8,84,5.7,1.0,5,320,2,NW,2024,1
2024-02-01,24.8,34.8,29.0,79,40.5,4.3,5,300,2,S ,2024,2
2024-02-02,25.2,34.2,28.9,80,2.8,6.2,5,130,2,W ,2024,2
2024-02-03,26.0,34.6,28.7,78,4.6,5.6,6,300,4,NW,2024,2
2024-02-04,26.0,35.0,28.5,79,1.2,2.6,8,350,4,NW,2024,2
2024-02-05,25.2,33.4,27.9,81,7.3,5.1,5,280,2,NW,2024,2
2024-02-06,23.9,34.2,27.9,82,148.6,2.3,6,290,2,NW,2024,2
2024-02-07,24.8,31.3,28.4,82,28.8,6.7,5,320,3,NW,2024,2
2024-02-08,25.6,33.0,28.6,78,0.0,0.0,5,70,2,NE,2024,2
2024-02-09,25.4,35.2,29.4,77,0.8,4.6,4,330,2,S ,2024,2
2024-02-10,25.2,30.8,27.3,88,32.6,7.5,6,300,2,W ,2024,2
2024-02-11,26.0,34.8,27.6,84,9.5,0.0,8,170,3,NW,2024,2
2024-02-12,24.8,34.4,29.2,78,39.0,4.4,5,310,2,NW,2024,2
2024-02-13,26.3,34.6,29.6,78,3.5,8.9,4,330,2,N ,2024,2
2024-02-14,25.6,32.2,29.1,84,16.7,7.0,5,360,2,N ,2024,2
2024-02-15,26.6,35.6,30.5,74,0.5,0.0,5,360,2,N ,2024,2
2024-02-16,27.0,35.8,30.2,76,0.3,7.5,5,340,3,N ,2024,2
2024-02-17,25.6,34.2,29.3,77,0.5,9.0,6,300,2,NW,2024,2
2024-02-18,26.4,33.7,29.1,78,0.4,6.6,5,60,2,E ,2024,2
2024-02-19,25.8,33.8,29.9,79,0.0,4.8,4,70,2,N ,2024,2
2024-02-20,27.0,36.2,31.1,72,0.0,3.5,5,320,2,NW,2024,2
2024-02-21,27.3,36.4,29.7,78,0.0,9.0,7,310,3,NW,2024,2
2024-02-22,25.8,36.4,30.9,73,2.5,8.0,7,340,4,NW,2024,2
2024-02-23,27.3,33.2,29.9,80,0.5,9.0,6,320,3,NW,2024,2
2024-02-24,27.2,33.7,29.8,76,,3.6,5,290,2,W ,2024,2
2024-02-25,26.8,34.6,29.0,78,0.0,1.5,6,310,3,NW,2024,2
2024-02-26,25.4,34.2,28.9,78,0.8,8.4,5,330,2,NW,2024,2
2024-02-27,25.8,35.0,30.1,74,3.0,6.8,5,320,2,NW,2024,2
2024-02-28,26.4,33.8,29.4,82,0.0,6.7,3,50,2,S ,2024,2
2024-02-29,26.0,32.9,29.7,79,24.1,2.6,4,30,2,E ,2024,2
2024-03-01,27.0,35.6,29.2,79,0.0,4.0,7,310,3,NW,2024,3
2024-03-02,25.6,33.0,29.7,78,9.2,7.5,7,320,3,NW,2024,3
2024-03-03,26.9,34.6,30.2,75,,4.7,5,330,3,NW,2024,3
2024-03-04,26.8,33.6,29.1,82,,8.0,3,330,2,S ,2024,3
2024-03-05,25.8,34.2,29.5,79,4.5,3.2,4,350,2,N ,2024,3
2024-03-06,26.2,34.8,30.8,75,0.0,3.6,6,340,3,NW,2024,3
2024-03-07,26.6,33.4,30.0,82,4.3,7.8,6,330,2,NW,2024,3
2024-03-08,27.4,34.6,29.7,81,1.3,0.1,4,310,2,NW,2024,3
2024-03-09,26.0,31.1,26.5,88,16.6,5.4,11,320,4,NW,2024,3
2024-03-10,24.7,31.0,28.7,78,8.9,0.5,5,300,3,NW,2024,3
2024-03-11,26.6,32.6,29.1,80,,0.6,4,340,2,NW,2024,3
2024-03-12,25.4,29.8,27.6,87,11.1,0.2,4,300,2,W ,2024,3
2024-03-13,25.6,29.6,27.1,87,2.9,0.0,6,300,3,NW,2024,3
2024-03-14,25.8,30.2,26.9,88,6.5,0.0,7,300,3,NW,2024,3
2024-03-15,25.2,30.4,28.2,82,10.5,0.3,6,300,4,NW,2024,3
2024-03-16,26.6,33.2,28.9,79,3.0,1.5,5,320,3,NW,2024,3
2024-03-17,25.2,32.4,28.5,79,1.2,3.2,7,300,4,NW,2024,3
2024-03-18,25.2,33.1,28.5,81,1.1,3.6,7,320,4,NW,2024,3
2024-03-19,25.2,34.8,30.3,75,0.0,3.3,4,330,3,NW,2024,3
2024-03-20,26.8,34.6,30.3,74,0.0,8.8,5,330,3,NW,2024,3
2024-03-21,26.6,34.4,30.3,72,0.0,8.5,5,330,2,NW,2024,3
2024-03-22,27.2,34.6,30.5,74,0.0,7.8,5,110,2,SE,2024,3
2024-03-23,27.8,34.4,30.5,73,,7.3,4,80,2,E ,2024,3
2024-03-24,27.6,35.2,30.3,74,0.0,8.0,4,70,2,NE,2024,3
2024-03-25,27.0,33.8,30.0,76,0.0,8.6,3,107,2,E ,2024,3
2024-03-26,27.4,35.0,30.8,70,,5.8,6,150,3,SE,2024,3
2024-03-27,27.8,35.4,31.4,64,0.0,7.7,4,80,2,N ,2024,3
2024-03-28,27.8,35.4,29.9,73,0.0,8.8,5,320,2,NW,2024,3
2024-03-29,26.4,35.0,30.6,74,0.0,5.2,5,110,2,C ,2024,3
2024-03-30,28.0,36.0,31.4,71,0.2,7.4,4,80,3,E ,2024,3
2024-03-31,28.0,35.4,31.0,75,7.1,8.5,4,360,2,NW,2024,3
2024-04-01,27.2,35.4,29.6,79,14.3,7.2,4,310,2,NW,2024,4
2024-04-02,26.8,34.2,29.8,81,3.8,4.8,5,125,2,C ,2024,4
2024-04-03,27.2,34.8,30.2,76,23.6,5.0,4,100,2,E ,2024,4
2024-04-04,26.8,35.6,30.4,76,,7.0,3,320,2,NW,2024,4
2024-04-05,26.2,35.4,30.6,76,28.6,7.3,3,330,2,NW,2024,4
2024-04-06,25.4,35.6,30.7,75,23.1,5.2,5,310,2,NW,2024,4
2024-04-07,26.4,33.6,29.8,80,0.0,6.8,5,20,2,N ,2024,4
2024-04-08,25.4,32.0,28.7,85,27.2,3.2,3,80,1,C ,2024,4
2024-04-09,25.6,32.6,29.2,81,13.4,0.0,4,330,1,C ,2024,4
2024-04-10,26.8,32.4,29.4,82,0.8,1.8,5,160,2,S ,2024,4
2024-04-11,26.9,32.4,28.7,83,,1.3,3,70,1,NE,2024,4
2024-04-12,25.8,34.6,29.8,76,1.0,2.0,3,70,2,SE,2024,4
2024-04-13,26.4,34.8,30.1,78,0.0,6.7,5,340,2,S ,2024,4
2024-04-14,27.4,34.6,30.6,74,0.0,5.0,3,100,2,E ,2024,4
2024-04-15,27.6,33.6,30.1,77,5.2,7.7,4,70,2,SE,2024,4
2024-04-16,27.0,34.7,30.9,72,0.0,6.5,5,60,2,E ,2024,4
2024-04-17,27.8,33.0,29.3,80,0.4,7.5,7,150,3,SE,2024,4
2024-04-18,24.8,34.4,30.0,75,0.0,1.6,4,150,2,SE,2024,4
2024-04-19,25.6,34.4,30.1,78,0.4,8.2,3,120,2,SE,2024,4
2024-04-20,27.2,34.4,31.0,73,0.0,6.1,5,140,3,SE,2024,4
2024-04-21,27.2,33.0,28.8,83,27.2,8.5,4,360,1,C ,2024,4
2024-04-22,26.3,34.0,30.2,77,2.0,3.2,4,330,2,NW,2024,4
2024-04-23,26.7,33.0,29.2,84,0.0,4.8,5,170,2,C ,2024,4
2024-04-24,26.4,30.4,28.7,86,12.4,1.2,5,150,2,SE,2024,4
2024-04-25,26.8,28.0,26.8,93,,0.0,3,170,2,S ,2024,4
2024-04-26,25.6,33.0,29.8,80,10.3,0.0,5,140,2,SE,2024,4
2024-04-27,27.2,34.6,30.9,75,0.0,6.3,7,140,4,SE,2024,4
2024-04-28,28.4,34.2,31.1,73,0.0,8.4,5,140,3,SE,2024,4
2024-04-29,27.4,34.6,30.6,75,,7.8,5,110,2,SE,2024,4
2024-04-30,26.8,35.4,31.0,70,0.0,6.6,5,160,3,SE,2024,4
2024-05-01,27.0,34.6,30.5,74,2.0,7.5,6,140,3,SE,2024,5
2024-05-02,26.4,35.0,30.5,74,,7.8,5,130,3,SE,2024,5
2024-05-03,26.2,35.2,30.6,72,0.0,6.8,4,70,2,E ,2024,5
2024-05-04,26.4,34.4,29.8,71,1.2,5.9,3,60,2,E ,2024,5
2024-05-05,25.5,35.0,29.8,67,0.0,7.6,4,330,2,E ,2024,5
2024-05-06,26.0,34.7,30.0,66,0.7,8.2,6,110,2,SE,2024,5
2024-05-07,25.4,34.8,30.6,68,,7.0,5,90,2,E ,2024,5
2024-05-08,26.2,34.8,30.1,75,0.0,8.1,3,60,2,E ,2024,5
2024-05-09,26.0,34.6,30.3,74,2.0,8.2,5,130,3,SE,2024,5
2024-05-10,27.5,35.4,30.7,73,3.7,7.8,7,140,4,SE,2024,5
2024-05-11,28.4,34.2,30.9,71,0.0,7.3,6,150,3,SE,2024,5
2024-05-12,27.6,34.8,30.6,68,,8.1,5,140,2,SE,2024,5
2024-05-13,26.5,34.2,30.4,70,0.0,8.8,6,130,3,SE,2024,5
2024-05-14,26.8,34.9,30.5,70,,8.0,5,130,2,SE,2024,5
2024-05-15,26.4,35.0,30.2,70,1.9,8.5,5,130,2,SE,2024,5
2024-05-16,25.6,35.6,30.5,67,3.6,8.4,5,140,2,SE,2024,5
2024-05-17,26.0,35.4,30.8,69,0.0,8.3,6,150,3,SE,2024,5
2024-05-18,27.2,34.6,30.4,69,,8.4,5,130,3,SE,2024,5
2024-05-19,26.5,34.2,30.0,67,0.0,8.0,5,150,2,SE,2024,5
2024-05-20,26.0,34.2,30.2,69,0.0,8.5,6,120,3,SE,2024,5
2024-05-21,26.0,34.7,30.3,69,,8.4,7,150,3,SE,2024,5
2024-05-22,26.2,34.8,30.1,72,0.0,8.5,4,140,2,SE,2024,5
2024-05-23,26.0,35.0,30.4,70,,8.6,4,130,2,SE,2024,5
2024-05-24,27.2,35.6,30.3,75,0.0,8.3,4,80,2,SE,2024,5
2024-05-25,27.0,35.0,30.5,73,15.6,8.0,5,140,2,SE,2024,5
2024-05-26,27.0,35.0,30.3,70,1.3,7.5,5,140,2,SE,2024,5
2024-05-27,26.2,34.6,30.8,71,0.0,8.8,4,130,2,SE,2024,5
2024-05-28,26.6,35.0,30.0,75,,8.4,5,70,2,SE,2024,5
2024-05-29,27.4,35.0,30.6,73,0.0,6.7,4,130,2,SE,2024,5
2024-05-30,26.4,34.4,30.4,72,8.8,8.6,5,150,2,SE,2024,5
2024-05-31,26.6,35.8,31.0,70,2.1,8.4,5,140,2,SE,2024,5
2024-06-01,27.2,35.6,31.0,72,0.0,8.0,6,130,2,E ,2024,6
2024-06-02,27.9,34.7,30.4,74,2.9,8.5,4,50,2,SE,2024,6
2024-06-03,27,34.6,30.1,71,,6.1,5,300,2,SE,2024,6
2024-06-04,27.9,35.0,29.9,72,0.0,7.6,3,100,2,E ,2024,6
2024-06-05,25.6,34.6,29.9,70,1.2,4.2,5,130,2,SE,2024,6
2024-06-06,25.8,34.8,30.0,71,3.1,7.9,5,130,2,SE,2024,6
2024-06-07,25.8,34.8,30.2,68,0.0,8.4,4,160,2,SE,2024,6
2024-06-08,26.6,34.0,29.9,74,0.0,8.2,5,100,2,SE,2024,6
2024-06-09,26.8,33.7,29.1,77,3.5,7.2,7,140,3,SE,2024,6
2024-06-10,26.4,34.8,30.5,73,,3.2,6,140,3,SE,2024,6
2024-06-11,27.2,34.6,30.0,74,0.5,8.0,7,150,3,SE,2024,6
2024-06-12,27,34.4,29.2,76,,6.5,4,60,2,E ,2024,6
2024-06-13,25.4,35.4,29.7,74,2.6,6.9,6,320,2,NW,2024,6
2024-06-14,26.2,34.2,29.8,76,,7.0,4,130,2,SE,2024,6
2024-06-15,27,33.0,29.5,78,,6.1,3,150,2,SE,2024,6
2024-06-16,26.2,34.2,29.7,74,1.5,6.3,6,130,3,SE,2024,6
2024-06-17,26.2,33.6,29.7,71,,7.2,6,140,4,SE,2024,6
2024-06-18,27,33.6,29.3,67,0.0,4.5,6,150,4,SE,2024,6
2024-06-19,24.6,33.4,28.6,68,,8.8,5,110,3,SE,2024,6
2024-06-20,24.8,33.2,28.7,65,0.0,8.5,9,150,3,SE,2024,6
2024-06-21,24.3,33.4,28.6,64,0.3,8.2,7,140,2,SE,2024,6
2024-06-22,24.6,33.4,29.1,65,2.2,8.2,4,140,2,SE,2024,6
2024-06-23,25.4,33.0,28.9,71,0.8,8.3,6,140,2,SE,2024,6
2024-06-24,-,32.0,28.4,76,,1.0,5,60,2,SE,2024,6
2024-06-25,26.2,33.8,29.6,71,0.0,3.0,4,130,2,SE,2024,6
2024-06-26,26,34.2,29.9,72,,7.5,7,130,3,SE,2024,6
2024-06-27,26.8,34.4,29.8,75,3.0,8.3,6,130,3,SE,2024,6
2024-06-28,27.4,33.2,29.5,77,0.0,8.0,4,150,2,SE,2024,6
2024-06-29,27.2,34.4,30.1,70,1.4,5.0,6,120,3,SE,2024,6
2024-06-30,26.9,34.6,29.5,71,0.0,7.2,5,330,2,NW,2024,6
2024-07-01,25.8,34.4,29.7,67,0.0,4.9,5,120,2,SE,2024,7
2024-07-02,25.5,32.6,28.7,76,0.0,8.0,4,80,2,SE,2024,7
2024-07-03,25.4,30.8,28.6,78,12.7,2.5,6,120,4,SE,2024,7
2024-07-04,26.2,31.8,28.7,76,0.1,0.0,5,130,2,SE,2024,7
2024-07-05,25.8,33.0,29.3,68,0.0,1.1,6,130,3,SE,2024,7
2024-07-06,26.4,33.0,28.9,73,0.0,8.1,7,150,3,SE,2024,7
2024-07-07,26.2,33.8,29.0,73,,8.8,5,140,3,SE,2024,7
2024-07-08,24.7,33.0,28.4,70,,7.2,5,130,3,SE,2024,7
2024-07-09,24.8,33.8,28.5,69,0.0,8.0,6,100,3,SE,2024,7
2024-07-10,25.2,33.8,28.6,67,0.0,8.0,6,140,3,SE,2024,7
2024-07-11,25.0,33.3,28.8,64,0.0,7.1,6,140,2,SE,2024,7
2024-07-12,24.4,32.7,28.0,67,0.0,8.0,6,120,2,SE,2024,7
2024-07-13,24.2,33.0,27.9,66,0.0,8.0,7,120,3,SE,2024,7
2024-07-14,22.4,33.0,26.9,65,0.0,8.0,6,130,3,SE,2024,7
2024-07-15,23.2,33.2,27.6,64,0.0,8.0,5,120,3,SE,2024,7
2024-07-16,23.0,33.6,27.8,70,0.0,8.0,5,140,3,SE,2024,7
2024-07-17,24.4,33.4,28.0,70,0.0,8.0,9,140,4,SE,2024,7
2024-07-18,25.4,32.7,28.2,71,0.0,8.0,6,130,3,SE,2024,7
2024-07-19,25.2,33.3,28.3,67,0.0,8.0,6,90,3,SE,2024,7
2024-07-20,24.2,32.6,28.1,69,0.0,8.0,9,140,3,SE,2024,7
2024-07-21,24.4,33.4,27.9,70,0.0,8.0,6,120,3,SE,2024,7
2024-07-22,24.3,32.8,27.8,69,0.0,8.0,6,150,3,SE,2024,7
2024-07-23,24.0,34.0,28.3,70,0.0,8.0,5,110,2,SE,2024,7
2024-07-24,24.4,33.4,28.2,70,0.0,8.0,5,70,2,SE,2024,7
2024-07-25,24.4,33.0,27.8,69,0.0,7.5,4,130,2,SE,2024,7
2024-07-26,24.6,33.1,28.2,66,0.0,8.0,6,150,3,SE,2024,7
2024-07-27,24.7,34.4,28.7,68,0.0,8.0,6,120,3,SE,2024,7
2024-07-28,23.2,34.7,28.4,73,0.0,8.0,6,140,3,SE,2024,7
2024-07-29,24.4,34.2,28.7,69,0.0,8.0,5,130,3,SE,2024,7
2024-07-30,24.8,33.2,28.6,75,0.0,8.0,6,130,3,SE,2024,7
2024-07-31,25.6,33.6,29.0,75,0.0,8.0,8,140,5,SE,2024,7
2024-08-01,27.2,33.3,29.8,75,0.0,7.3,7,150,4,SE,2024,8
2024-08-02,27.0,32.8,29.2,73,0.0,7.9,8,130,4,SE,2024,8
2024-08-03,26.0,34.0,28.9,71,0.0,8.0,7,130,3,SE,2024,8
2024-08-04,25.0,33.4,28.6,72,0.0,7.6,6,140,3,SE,2024,8
2024-08-05,24.2,34.0,28.2,69,0.0,8.0,6,100,3,SE,2024,8
2024-08-06,24.4,34.2,28.2,69,0.0,8.0,7,130,4,SE,2024,8
2024-08-07,24.8,33.5,28.4,70,0.0,8.0,7,140,4,SE,2024,8
2024-08-08,25.0,33.8,29.5,71,0.0,6.1,6,140,3,SE,2024,8
2024-08-09,25.8,34.0,29.0,71,0.0,8.0,9,150,4,SE,2024,8
2024-08-10,25.4,33.4,29.0,68,0.0,8.0,7,140,4,SE,2024,8
2024-08-11,24.4,32.6,28.1,66,0.0,8.0,6,140,3,SE,2024,8
2024-08-12,22.0,32.8,27.1,60,0.0,8.0,7,150,3,SE,2024,8
2024-08-13,23.3,34.0,27.7,70,0.0,8.0,7,140,4,SE,2024,8
2024-08-14,24.4,33.1,28.0,73,0.0,8.0,7,140,3,SE,2024,8
2024-08-15,24.0,33.2,27.6,69,0.0,8.0,6,150,3,SE,2024,8
2024-08-16,23.4,33.2,27.7,68,0.0,8.0,6,130,3,SE,2024,8
2024-08-17,23.8,34.0,27.7,72,0.0,8.0,6,130,3,SE,2024,8
2024-08-18,23.8,34.4,28.1,70,0.0,8.0,6,130,3,SE,2024,8
2024-08-19,23.2,34.2,28.0,70,0.0,8.0,6,110,3,SE,2024,8
2024-08-20,23.6,34.4,28.1,66,0.0,8.0,7,110,4,SE,2024,8
2024-08-21,24.0,34.0,28.2,69,0.0,8.0,5,160,3,SE,2024,8
2024-08-22,24.3,33.0,28.0,68,0.0,8.0,6,120,2,SE,2024,8
2024-08-23,24.6,34.0,28.5,68,0.0,7.2,8,130,3,SE,2024,8
2024-08-24,24.8,34.2,28.6,72,0.0,8.0,7,130,3,SE,2024,8
2024-08-25,24.6,34.8,28.7,69,0.0,8.0,6,120,3,SE,2024,8
2024-08-26,24.6,35.4,29.0,68,0.0,8.0,8,140,4,SE,2024,8
2024-08-27,24.0,34.4,28.3,69,0.0,8.0,7,120,3,SE,2024,8
2024-08-28,24.2,33.0,28.1,67,0.0,7.5,4,150,2,SE,2024,8
2024-08-29,24.8,34.4,28.6,68,0.0,2.3,6,150,2,SE,2024,8
2024-08-30,23.8,33.0,28.2,69,0.0,8.0,8,150,3,SE,2024,8
2024-08-31,24.6,34.5,29.1,68,0.0,8.0,7,130,2,SE,2024,8
2024-09-01,25.0,34.2,29.5,67,0.0,8.0,6,160,3,SE,2024,9
2024-09-02,25.0,35.0,29.1,68,0.0,8.0,8,130,4,SE,2024,9
2024-09-03,25.4,34.7,29.3,65,0.0,8.0,8,150,3,SE,2024,9
2024-09-04,25.6,33.9,29.4,69,0.0,8.0,7,150,3,SE,2024,9
2024-09-05,25.8,35.0,29.5,71,0.0,7.5,8,150,4,SE,2024,9
2024-09-06,25.4,35.5,29.2,69,0.0,8.0,9,140,4,SE,2024,9
2024-09-07,25.2,33.8,29.0,67,0.0,8.0,7,140,4,SE,2024,9
2024-09-08,25.8,34.0,29.7,71,0.0,7.6,8,150,4,SE,2024,9
2024-09-09,25.6,35.4,29.7,68,0.0,8.0,6,150,3,SE,2024,9
2024-09-10,26.6,32.2,29.3,73,0.0,8.0,3,350,2,SE,2024,9
2024-09-11,26.4,35.4,30.1,68,,3.8,6,180,2,E,2024,9
2024-09-12,25.0,34.4,29.7,61,0.0,8.0,8,150,3,SE,2024,9
2024-09-13,25.0,35.6,29.7,63,0.0,5.7,6,120,3,SE,2024,9
2024-09-14,25.4,34.6,29.5,64,0.0,8.0,6,130,3,SE,2024,9
2024-09-15,25.4,34.4,29.2,62,0.0,8.0,7,140,3,SE,2024,9
2024-09-16,25.8,35.2,29.6,65,0.0,8.0,6,140,4,SE,2024,9
2024-09-17,25.0,34.4,29.6,64,0.0,8.0,5,160,2,SE,2024,9
2024-09-18,25.0,34.8,28.8,61,0.0,8.0,7,120,3,SE,2024,9
2024-09-19,24.8,34.5,29.2,65,0.0,8.0,4,70,2,SE,2024,9
2024-09-20,25.4,34.2,29.8,68,0.0,8.0,8,140,4,SE,2024,9
2024-09-21,27.2,35.4,30.6,66,0.0,8.0,6,140,4,SE,2024,9
2024-09-22,27.6,34.8,30.6,73,0.0,8.0,6,130,3,SE,2024,9
2024-09-23,28.1,35.4,30.0,76,0.0,7.3,7,130,3,SE,2024,9
2024-09-24,27.0,35.0,30.2,73,0.0,4.4,6,70,2,E,2024,9
2024-09-25,26.2,35.6,30.4,69,,6.8,5,100,2,NE,2024,9
2024-09-26,26.3,35.0,30.1,74,3.7,7.0,4,120,2,SE,2024,9
2024-09-27,26.8,36.2,30.8,69,10.0,5.8,5,60,2,SE,2024,9
2024-09-28,27.8,35.4,31.0,66,0.0,8.0,9,160,5,SE,2024,9
2024-09-29,27.0,35.6,31.6,62,0.0,8.0,10,140,4,SE,2024,9
2024-09-30,26.4,36.4,31.0,66,0.0,8.0,7,160,3,SE,2024,9
2024-10-01,26.4,35.8,30.8,66,0.0,8.0,6,150,3,SE,2024,10
2024-10-02,27.2,35.5,30.4,66,0.0,8.0,7,150,3,SE,2024,10
2024-10-03,27.0,35.6,30.6,66,0.0,8.0,7,140,4,SE,2024,10
2024-10-04,26.7,35.6,30.5,66,0.0,6.8,7,130,4,SE,2024,10
2024-10-05,27.4,36.0,31.0,63,0.0,8.0,7,130,3,SE,2024,10
2024-10-06,26.6,36.0,31.0,65,0.0,8.0,8,170,4,SE,2024,10
2024-10-07,25.4,35.2,30.3,69,0.0,8.0,8,130,3,SE,2024,10
2024-10-08,26.8,34.8,30.5,68,0.0,8.0,6,140,3,SE,2024,10
2024-10-09,27.2,35.7,30.7,67,0.0,8.0,8,120,4,SE,2024,10
2024-10-10,27.4,36.5,31.2,63,0.0,8.0,9,140,4,SE,2024,10
2024-10-11,27.0,36.2,31.4,59,0.0,8.0,8,140,4,SE,2024,10
2024-10-12,27.4,36.0,31.3,67,0.0,8.0,9,140,4,SE,2024,10
2024-10-13,27.6,37.2,31.8,68,0.0,8.0,6,120,3,SE,2024,10
2024-10-14,28.0,36.2,30.9,66,0.0,8.0,5,150,2,SE,2024,10
2024-10-15,27.6,34.8,30.9,65,0.0,8.0,5,140,2,SE,2024,10
2024-10-16,25.8,35.6,30.6,56,0.0,7.2,8,150,3,SE,2024,10
2024-10-17,26.0,36.5,30.8,59,0.0,8.0,6,120,3,E,2024,10
2024-10-18,25.7,35.6,30.3,63,0.0,8.0,6,100,2,SE,2024,10
2024-10-19,26.6,35.6,30.9,69,0.0,7.9,5,310,2,S,2024,10
2024-10-20,27.0,34.6,29.0,75,3.6,6.8,4,270,2,SE,2024,10
2024-10-21,26.0,34.8,28.1,81,0.0,2.5,4,350,2,S,2024,10
2024-10-22,25.8,35.8,30.3,74,,4.6,4,330,2,NE,2024,10
2024-10-23,26.6,35.9,30.9,70,13.0,7.6,6,210,3,SE,2024,10
2024-10-24,26.8,36.0,30.4,68,0.0,8.0,6,300,2,NW,2024,10
2024-10-25,26.2,37.0,31.2,68,0.0,7.8,4,350,2,N,2024,10
2024-10-26,26.2,36.2,31.4,69,0.0,8.0,6,120,2,SE,2024,10
2024-10-27,26.6,37.4,31.6,64,0.0,8.0,5,170,2,SE,2024,10
2024-10-28,25.8,37.4,31.6,66,0.0,8.0,5,140,2,SE,2024,10
2024-10-29,27.4,36.2,31.4,67,0.0,8.0,6,130,3,SE,2024,10
2024-10-30,26.8,36.6,31.9,65,0.0,8.0,6,130,3,SE,2024,10
2024-10-31,27.6,37.5,31.1,69,0.0,8.0,4,120,2,E,2024,10
2024-11-01,25.8,33.4,28.7,84,25.0,7.9,6,120,2,SE,2024,11
2024-11-02,25.8,33.8,29.7,77,8.5,1.7,5,180,2,SE,2024,11
2024-11-03,26.8,33.4,28.2,82,0.0,6.2,4,350,2,SE,2024,11
2024-11-04,25.9,34.4,29.0,79,34.4,4.2,5,70,2,W,2024,11
2024-11-05,26.2,35.3,30.6,72,0.0,6.4,7,130,3,E,2024,11
2024-11-06,27.6,35.8,31.9,65,0.0,8.0,7,150,3,SE,2024,11
2024-11-07,27.0,35.6,31.0,72,0.0,8.0,6,70,2,E,2024,11
2024-11-08,27.6,35.4,30.4,74,0.0,8.0,6,40,3,NE,2024,11
2024-11-09,27.6,37.2,31.3,73,0.0,5.7,4,70,2,SE,2024,11
2024-11-10,27.2,34.2,28.8,82,,8.0,3,20,2,SE,2024,11
2024-11-11,26.8,34.6,30.4,75,,5.1,4,50,2,E,2024,11
2024-11-12,25.8,34.1,28.7,81,2.1,5.5,7,70,2,SE,2024,11
2024-11-13,27.6,36.4,31.4,72,,4.4,5,70,2,E,2024,11
2024-11-14,27.0,36.4,31.4,66,0.0,8.0,6,120,3,SE,2024,11
2024-11-15,27.6,35.8,31.5,72,0.0,7.0,5,90,2,SE,2024,11
2024-11-16,27.2,36.2,31.4,71,0.0,7.9,6,20,2,N,2024,11
2024-11-17,26.2,33.9,30.7,76,0.0,7.7,4,360,2,N,2024,11
2024-11-18,27.8,34.7,31.5,73,0.0,7.2,5,60,2,E,2024,11
2024-11-19,27.4,35.2,29.7,80,,5.6,5,60,2,E,2024,11
2024-11-20,26.4,35.1,29.8,78,8.0,7.8,6,40,2,NE,2024,11
2024-11-21,26.8,34.8,30.5,74,0.0,7.3,4,360,2,NE,2024,11
2024-11-22,26.2,34.4,30.9,75,,7.6,5,50,2,NE,2024,11
2024-11-23,26.8,35.8,30.6,77,1.4,6.0,4,340,2,N,2024,11
2024-11-24,27.6,35.2,29.6,80,0.0,7.0,4,30,2,NW,2024,11
2024-11-25,26.6,36.0,30.6,77,0.0,2.1,5,300,2,N,2024,11
2024-11-26,27.4,35.6,30.9,78,0.0,7.2,4,350,2,N,2024,11
2024-11-27,27.8,34.6,30.2,81,17.6,3.2,4,340,1,C,2024,11
2024-11-28,26.9,34.8,29.8,76,15.0,4.0,5,100,2,E,2024,11
2024-11-29,26.2,34.6,29.7,78,0.0,4.7,5,300,2,NW,2024,11
2024-11-30,25.8,35.6,29.6,82,48.0,4.5,5,350,2,NW,2024,11
2024-12-01,26.2,32.2,29.2,83,43.5,6.5,4,150,2,N,2024,12
2024-12-02,26.8,31.6,27.7,88,0.0,2.8,6,360,2,C,2024,12
2024-12-03,24.8,34.4,29.9,73,4.5,1.9,5,30,2,E,2024,12
2024-12-04,26.8,33.8,29.8,78,0.0,8.0,5,330,2,NW,2024,12
2024-12-05,26.2,34.4,30.2,79,,4.5,5,350,3,E,2024,12
2024-12-06,26.6,31.4,27.2,89,,4.6,7,320,3,NW,2024,12
2024-12-07,25.0,34.6,29.2,78,3.4,0.0,5,340,2,W,2024,12
2024-12-08,26.7,34.9,29.6,82,7.5,5.6,9,320,3,NW,2024,12
2024-12-09,26.0,31.6,29.3,78,22.4,7.5,7,300,3,NW,2024,12
2024-12-10,26.4,34.0,28.7,82,8.3,0.1,6,350,3,NW,2024,12
2024-12-11,25.1,34.4,29.0,80,72.8,4.6,4,320,2,NW,2024,12
2024-12-12,24.6,32.6,26.5,90,16.8,1.4,4,310,2,S,2024,12
2024-12-13,25.2,34.0,29.1,79,36.0,1.8,5,350,2,NW,2024,12
2024-12-14,25.8,30.2,27.6,84,0.2,5.4,4,320,2,NW,2024,12
2024-12-15,25.8,33.4,29.2,81,4.7,0.5,5,350,2,NW,2024,12
2024-12-16,25.6,30.0,27.6,86,11.6,1.6,3,320,2,NW,2024,12
2024-12-17,26.0,32.9,28.6,80,1.5,0.0,5,310,2,NW,2024,12
2024-12-18,25.7,34.6,29.3,76,12.8,4.1,5,300,2,NW,2024,12
2024-12-19,25.2,35.8,30.7,69,0.0,3.5,7,310,4,NW,2024,12
2024-12-20,27.4,34.8,30.5,73,0.0,7.8,7,270,3,NW,2024,12
2024-12-21,27.6,35.4,30.0,73,0.0,4.2,4,300,2,W,2024,12
2024-12-22,27.0,33.4,28.4,79,1.0,5.9,5,300,2,NW,2024,12
2024-12-23,25.0,35.7,29.1,78,3.0,2.5,8,120,3,NW,2024,12
2024-12-24,26.0,34.0,29.0,80,20.9,5.5,6,330,3,S,2024,12
2024-12-25,25.8,32.8,28.3,83,19.3,7.5,6,350,2,NW,2024,12
2024-12-26,25.0,34.4,29.1,77,14.6,1.3,8,300,3,NW,2024,12
2024-12-27,27.0,33.8,30.2,68,0.4,3.5,5,320,2,NW,2024,12
2024-12-28,28.2,34.2,29.0,77,0.0,5.8,5,300,2,NW,2024,12
2024-12-29,25.4,31.9,28.1,79,12.7,2.5,5,300,2,W,2024,12
2024-12-30,26.0,34.2,29.7,69,0.0,0.8,5,330,3,NW,2024,12
2024-12-31,25.6,32.8,28.2,79,1.0,5.5,6,300,3,NW,2024,12
2025-01-01,26.2,31.8,28.0,82,8.5,2.0,4,320,2,NW,2025,1
2025-01-02,25.0,32.4,27.1,89,36.2,0.0,4,340,1,N,2025,1
2025-01-03,25.6,34.6,29.3,74,0.6,1.4,3,300,2,NW,2025,1
2025-01-04,26.0,33.8,29.2,73,0.0,7.5,6,350,3,NW,2025,1
2025-01-05,25.9,33.8,27.8,81,6.8,3.8,6,310,2,S,2025,1
2025-01-06,25.4,33.2,28.6,82,37.0,3.0,6,360,2,N,2025,1
2025-01-07,25.6,34.2,28.8,79,0.0,5.2,6,350,3,NW,2025,1
2025-01-08,25.6,32.0,28.9,78,0.0,6.7,7,330,2,NW,2025,1
2025-01-09,26.6,34.6,29.9,75,1.3,3.3,6,300,3,NW,2025,1
2025-01-10,26.0,34.6,29.3,76,0.0,7.2,5,300,2,NW,2025,1
2025-01-11,26.5,34.4,28.6,81,38.0,3.4,5,160,2,NW,2025,1
2025-01-12,23.6,33.4,28.5,80,43.5,2.7,5,300,3,NW,2025,1
2025-01-13,25.2,32.4,28.1,81,36.1,6.1,4,160,2,C,2025,1
2025-01-14,26.5,35.0,29.5,79,,4.8,6,300,2,NW,2025,1
2025-01-15,25.2,32.4,28.7,81,17.8,6.7,5,320,3,NW,2025,1
2025-01-16,25.4,33.6,28.6,80,13.2,2.9,9,300,4,NW,2025,1
2025-01-17,26.2,33.2,28.6,77,10.4,0.1,5,300,3,NW,2025,1
2025-01-18,25.3,33.4,28.4,81,31.5,5.4,7,300,3,NW,2025,1
2025-01-19,25.8,34.7,29.4,75,7.8,7.2,8,320,5,NW,2025,1
2025-01-20,25.0,33.4,28.5,80,25.5,6.8,7,360,3,W,2025,1
2025-01-21,24.3,33.0,27.6,82,84.9,3.5,5,300,2,NW,2025,1
2025-01-22,24.8,32.4,28.5,79,3.1,1.4,4,300,2,NW,2025,1
2025-01-23,25.2,33.2,28.0,84,10.7,0.9,5,310,2,NW,2025,1
2025-01-24,25.8,32.6,28.9,79,,0.0,3,10,2,NW,2025,1
2025-01-25,26.0,34.2,29.3,78,0.0,1.2,5,330,2,NW,2025,1
2025-01-26,24.4,33.9,28.5,83,57.5,5.0,6,340,3,NW,2025,1
2025-01-27,25.4,29.0,26.8,88,12.0,6.5,6,270,3,NW,2025,1
2025-01-28,24.7,31.8,27.6,81,1.0,0.0,5,330,2,NW,2025,1
2025-01-29,25.0,32.0,28.3,81,0.0,1.0,7,260,4,NW,2025,1
2025-01-30,25.0,30.2,26.7,82,4.1,5.1,6,310,4,W,2025,1
2025-01-31,25.4,30.8,27.8,79,,0.0,6,310,3,NW,2025,1
2025-02-01,25.7,30.7,28.4,77,0.0,1.2,8,310,5,NW,2025,2
2025-02-02,26.9,32.4,28.2,84,0.0,1.8,8,300,4,NW,2025,2
2025-02-03,25.2,33.2,28.4,80,9.7,2.5,9,320,5,NW,2025,2
2025-02-04,26.2,32.6,28.7,81,,2.8,7,290,4,NW,2025,2
2025-02-05,26.6,32.8,28.7,81,4.3,2.9,8,310,3,NW,2025,2
2025-02-06,26.4,32.4,28.8,77,1.3,5.3,7,300,4,NW,2025,2
2025-02-07,25.7,33.8,29.1,76,,7.1,7,300,4,NW,2025,2
2025-02-08,24.8,34.7,29.0,77,31.5,4.4,8,300,5,NW,2025,2
2025-02-09,26.0,35.0,28.6,79,2.2,5.2,9,300,5,NW,2025,2
2025-02-10,25.6,34.6,28.9,79,6.6,6.4,7,290,4,NW,2025,2
2025-02-11,26.4,33.6,29.2,74,0.0,3.3,5,290,3,NW,2025,2
2025-02-12,26.6,35.2,30.0,67,0.0,6.0,5,290,3,NW,2025,2
2025-02-13,26.6,34.4,28.4,79,,5.4,6,330,3,NW,2025,2
2025-02-14,24.6,33.0,28.3,84,39.9,5.7,7,350,3,NW,2025,2
2025-02-15,26.1,33.2,29.4,78,0.0,4.6,7,340,3,NW,2025,2
2025-02-16,26.0,34.0,29.4,75,1.5,7.5,7,350,3,NW,2025,2
2025-02-17,26.6,34.2,29.1,78,4.2,6.9,13,260,3,NW,2025,2
2025-02-18,25.4,33.8,29.3,77,,4.6,4,350,2,N,2025,2
2025-02-19,26.4,34.8,29.9,74,0.0,5.0,6,350,3,W,2025,2
2025-02-20,26.6,34.9,28.6,80,0.0,6.2,5,360,2,NW,2025,2
2025-02-21,25.4,33.8,28.9,78,9.4,1.5,6,330,2,NW,2025,2
2025-02-22,26.4,32.4,28.0,83,0.0,5.5,7,330,3,SE,2025,2
2025-02-23,26.0,31.4,27.6,86,3.5,4.6,6,320,2,N,2025,2
2025-02-24,25.0,32.6,27.8,84,18.4,1.2,6,360,2,N,2025,2
2025-02-25,24.4,33.8,28.5,76,17.1,2.0,4,310,2,S,2025,2
2025-02-26,25.2,33.4,27.7,84,1.0,7.0,4,360,2,W,2025,2
2025-02-27,25.4,32.6,28.0,82,7.0,1.9,3,50,2,NE,2025,2
2025-02-28,25.9,32.6,28.7,79,0.0,3.4,5,360,2,N,2025,2
2025-03-01,24.5,33.0,28.1,81,34.7,2.8,3,170,1,C,2025,3
2025-03-02,25.4,34.2,29.4,77,0.0,2.9,4,60,2,E,2025,3
2025-03-03,26.2,34.2,30.1,75,0.0,6.7,4,140,2,SE,2025,3
2025-03-04,27.6,34.6,29.6,79,0.9,8.0,4,70,2,E,2025,3
2025-03-05,27.3,34.9,30.1,75,0.0,6.4,6,120,2,E,2025,3
2025-03-06,27.5,34.7,29.7,80,0.0,7.6,6,350,2,E,2025,3
2025-03-07,25.8,35.0,29.5,78,1.0,5.3,6,360,3,N,2025,3
2025-03-08,26.2,32.6,27.7,85,,6.4,5,340,2,N,2025,3
2025-03-09,25.3,32.2,26.8,88,1.5,4.3,4,110,2,S,2025,3
2025-03-10,25.6,32.6,28.3,82,8.5,3.2,7,310,2,NW,2025,3
2025-03-11,26.6,34.6,29.8,76,1.0,2.6,5,320,2,N,2025,3
2025-03-12,27.3,34.0,30.3,76,0.0,5.0,8,350,3,S,2025,3
2025-03-13,27.0,33.2,29.1,79,0.0,8.0,4,350,2,NW,2025,3
2025-03-14,24.9,32.8,28.0,83,2.2,4.4,4,60,2,SE,2025,3
2025-03-15,26.5,33.4,28.7,83,,2.4,6,300,2,NW,2025,3
2025-03-16,25.0,33.4,27.8,83,9.4,1.9,6,180,2,NW,2025,3
2025-03-17,25.0,32.0,28.6,81,10.0,2.8,4,320,3,NW,2025,3
2025-03-18,26.2,34.6,29.6,71,0.0,1.4,5,290,3,W,2025,3
2025-03-19,26.2,32.9,28.2,80,8.0,5.3,8,310,2,NW,2025,3
2025-03-20,25.8,35.6,29.7,75,12.3,3.5,6,310,3,NW,2025,3
2025-03-21,26.4,34.9,28.6,77,0.8,5.9,9,300,5,NW,2025,3
2025-03-22,25.0,33.0,28.5,82,17.2,6.4,7,330,4,NW,2025,3
2025-03-23,25.5,33.4,28.8,81,22.0,1.5,6,320,3,NW,2025,3
2025-03-24,26.2,33.6,29.2,79,0.0,3.5,5,290,3,NW,2025,3
2025-03-25,26.4,34.5,29.8,78,0.0,4.2,6,310,3,NW,2025,3
2025-03-26,27.2,33.6,29.7,78,,8.0,6,320,3,NW,2025,3
2025-03-27,27.5,33.2,29.6,80,2.0,6.9,5,350,2,NW,2025,3
2025-03-28,27.2,33.2,28.2,89,0.0,1.5,7,350,4,NW,2025,3
2025-03-29,25.5,33.0,28.2,82,17.7,2.1,4,320,2,NW,2025,3
2025-03-30,25.2,32.8,29.0,81,29.0,1.2,4,310,2,NW,2025,3
2025-03-31,26.0,33.6,29.6,78,0.0,1.8,4,240,2,S,2025,3
2025-04-01,25.4,34.3,28.5,83,17.9,2.4,5,20,2,S,2025,4
2025-04-02,25.5,32.2,28.3,80,2.3,6.7,5,130,2,SE,2025,4
2025-04-03,25.4,33.7,27.7,84,,4.0,7,180,2,S,2025,4
2025-04-04,25.0,33.8,28.3,78,21.0,4.7,5,120,2,E,2025,4
2025-04-05,25.2,32.6,28.9,80,6.5,7.5,4,350,2,SE,2025,4
2025-04-06,26.3,33.2,29.2,78,0.2,5.2,4,60,2,E,2025,4
2025-04-07,26.2,33.2,29.0,81,28.5,7.3,5,160,2,E,2025,4
2025-04-08,26.4,33.8,29.2,77,0.0,7.1,3,50,2,SE,2025,4
2025-04-09,26.0,34.2,29.5,76,0.0,5.7,6,350,2,E,2025,4
2025-04-10,26.8,33.7,29.4,81,0.0,6.2,7,360,2,SE,2025,4
2025-04-11,26.6,31.8,28.6,82,2.9,4.2,4,140,2,S,2025,4
2025-04-12,26.4,34.4,28.6,81,0.0,1.1,4,100,2,SE,2025,4
2025-04-13,25.4,33.8,28.3,77,,4.8,4,60,2,E,2025,4
2025-04-14,26.4,35.2,29.7,72,0.0,5.1,5,350,2,NW,2025,4
2025-04-15,26.7,33.5,29.2,79,0.0,6.1,3,350,2,N,2025,4
2025-04-16,27.1,34.2,29.4,78,0.0,3.8,4,310,2,NE,2025,4
2025-04-17,26.2,33.3,29.1,78,5.2,3.8,5,320,3,NW,2025,4
2025-04-18,26.6,32.3,28.9,79,0.0,2.6,7,320,3,W,2025,4
2025-04-19,26.2,35.4,29.9,75,,3.1,4,320,2,NW,2025,4
2025-04-20,26.6,31.2,28.7,79,0.0,6.4,4,70,2,SE,2025,4
2025-04-21,25.8,33.8,29.5,78,1.0,1.6,4,330,2,NW,2025,4
2025-04-22,26.0,35.2,29.1,79,,3.7,6,330,2,NW,2025,4
2025-04-23,25.8,34.2,29.5,76,9.0,7.4,4,360,2,NE,2025,4
2025-04-24,26.4,34.0,29.3,76,0.0,7.4,4,80,2,N,2025,4
2025-04-25,27.0,34.0,29.9,78,0.0,7.8,4,360,2,SE,2025,4
2025-04-26,26.6,34.4,29.8,75,,6.2,4,50,2,SE,2025,4
2025-04-27,26.0,34.2,29.6,74,0.0,7.7,4,50,2,NE,2025,4
2025-04-28,26.0,34.2,29.4,69,,8.0,3,140,2,E,2025,4
2025-04-29,25.4,34.9,29.6,67,0.0,8.0,6,110,2,SE,2025,4
2025-04-30,25.7,34.4,29.3,67,0.0,8.0,4,90,2,E,2025,4
2025-05-01,26.4,34.6,29.7,73,0.0,8.0,4,350,2,S,2025,5
2025-05-02,26.5,33.2,29.1,81,5.0,6.9,3,150,2,S,2025,5
2025-05-03,25.8,34.2,29.8,75,0.0,2.4,4,130,2,E,2025,5
2025-05-04,27.3,34.5,30.3,77,0.0,7.4,5,140,2,E,2025,5
2025-05-05,27.2,35.6,30.4,73,0.0,5.8,4,130,2,SE,2025,5
2025-05-06,26.8,34.4,30.0,75,0.0,5.6,5,90,2,NE,2025,5
2025-05-07,26.8,34.5,29.8,76,0.0,6.9,6,360,2,SE,2025,5
2025-05-08,26.8,33.4,28.4,82,0.0,5.7,3,150,2,SE,2025,5
2025-05-09,27.0,33.2,28.0,84,,4.2,3,100,2,E,2025,5
2025-05-10,25.4,33.6,28.9,78,6.5,3.6,4,100,2,S,2025,5
2025-05-11,26.2,35.4,29.6,80,1.0,5.7,7,180,3,S,2025,5
2025-05-12,24.6,32.3,28.1,83,14.6,6.4,4,180,2,S,2025,5
2025-05-13,26.2,28.9,27.3,89,,5.4,5,160,2,S,2025,5
2025-05-14,25.8,33.1,28.8,82,2.0,0.0,5,120,3,S,2025,5
2025-05-15,26.0,31.7,27.9,85,0.0,6.0,4,330,2,SE,2025,5
2025-05-16,26.6,34.0,29.6,79,,3.1,5,120,2,SE,2025,5
2025-05-17,26.0,31.7,28.6,80,0.0,7.8,4,150,2,SE,2025,5
2025-05-18,25.2,33.8,28.5,82,2.3,1.7,4,110,2,SE,2025,5
2025-05-19,26.0,32.9,28.2,85,10.5,2.1,4,160,2,S,2025,5
2025-05-20,25.3,33.6,28.9,78,,3.2,4,40,2,SE,2025,5
2025-05-21,26.2,33.4,29.5,73,0.0,5.8,6,140,3,SE,2025,5
2025-05-22,26.6,33.4,29.5,77,0.0,8.0,5,140,3,SE,2025,5
2025-05-23,27.0,30.0,27.2,83,,5.7,4,300,1,S,2025,5
2025-05-24,25.2,32.4,28.9,81,2.7,0.6,4,140,2,SE,2025,5
2025-05-25,27.2,33.2,29.8,80,0.0,4.9,4,150,2,SE,2025,5
2025-05-26,27.0,31.7,27.3,88,4.9,2.7,3,110,1,S,2025,5
2025-05-27,25.3,30.8,28.2,86,2.0,1.6,3,340,1,N,2025,5
2025-05-28,26.4,32.6,29.2,82,,0.0,4,110,2,E,2025,5
2025-05-29,27.0,34.7,30.2,77,0.1,4.2,3,60,2,NE,2025,5
2025-05-30,26.4,34.0,29.9,77,1.8,7.4,3,120,1,SE,2025,5
